First Name,Last Name,Date of Birth,Email
John,Smith,1985-04-12,john.smith@example.com
Emily,Jones,1992-07-23,emily.jones@example.com
Michael,Brown,1978-11-05,michael.brown@example.com
Sarah,Johnson,1990-01-17,sarah.johnson@example.com
David,Williams,1983-08-29,david.williams@example.com
Jessica,Miller,1988-12-14,jessica.miller@example.com
John,Davis,1991-05-09,john.davis@example.com
Ashley,Garcia,1986-09-27,ashley.garcia@example.com
Robert,Martinez,1975-03-02,robert.martinez@example.com
Amanda,Rodriguez,1993-10-11,amanda.rodriguez@example.com
Michael,Hernandez,1982-06-19,michael.hernandez@example.com
Emily,Lopez,1994-02-08,emily.lopez@example.com
William,Gonzalez,1980-07-15,william.gonzalez@example.com
Sarah,Wilson,1987-11-30,sarah.wilson@example.com
Christopher,Anderson,1979-04-22,christopher.anderson@example.com
Ashley,Thomas,1990-09-13,ashley.thomas@example.com
Daniel,Taylor,1985-01-25,daniel.taylor@example.com
Jessica,Moore,1992-05-17,jessica.moore@example.com
Matthew,Jackson,1981-08-04,matthew.jackson@example.com
Amanda,Martin,1989-12-21,amanda.martin@example.com
John,Lee,1984-03-06,john.lee@example.com
Emily,Perez,1993-07-29,emily.perez@example.com
Anthony,Thompson,1977-11-12,anthony.thompson@example.com
Sarah,White,1991-02-03,sarah.white@example.com
Joseph,Harris,1986-06-18,joseph.harris@example.com
Jessica,Sanchez,1989-10-25,jessica.sanchez@example.com
David,Clark,1983-01-14,david.clark@example.com
Ashley,Ramirez,1990-05-26,ashley.ramirez@example.com
Thomas,Lewis,1978-09-07,thomas.lewis@example.com
Emily,Robinson,1994-12-09,emily.robinson@example.com
Michael,Walker,1981-04-16,michael.walker@example.com
Amanda,Young,1992-08-23,amanda.young@example.com
Christopher,Allen,1979-02-28,christopher.allen@example.com
Sarah,King,1987-07-11,sarah.king@example.com
John,Wright,1985-11-02,john.wright@example.com
Jessica,Scott,1988-03-19,jessica.scott@example.com
Daniel,Torres,1984-07-25,daniel.torres@example.com
Ashley,Nguyen,1991-10-08,ashley.nguyen@example.com
Matthew,Hill,1982-12-15,matthew.hill@example.com
Emily,Flores,1993-05-03,emily.flores@example.com
Robert,Green,1975-08-21,robert.green@example.com
Amanda,Adams,1989-01-29,amanda.adams@example.com
Michael,Nelson,1980-06-12,michael.nelson@example.com
Sarah,Baker,1990-09-30,sarah.baker@example.com
William,Hall,1977-03-17,william.hall@example.com
Jessica,Rivera,1992-07-06,jessica.rivera@example.com
David,Campbell,1983-11-23,david.campbell@example.com
Ashley,Mitchell,1986-02-14,ashley.mitchell@example.com
John,Carter,1985-06-28,john.carter@example.com
Emily,Roberts,1994-10-05,emily.roberts@example.com
Christopher,Gomez,1979-01-20,christopher.gomez@example.com
